id,internal_pokemon_id,type
1,1,Grass
2,2,Grass
3,3,Grass
4,4,Grass
5,5,Fire
6,6,Fire
7,7,Fire
8,8,Fire
9,9,Fire
10,10,Water
11,11,Water
12,12,Water
13,13,Water
14,14,Bug
15,15,Bug
16,16,Bug
17,17,Bug
18,18,Bug
19,19,Bug
20,20,Bug
21,21,Normal
22,22,Normal
23,23,Normal
24,24,Normal
25,25,Normal
26,26,Dark
27,27,Normal
28,28,Dark
29,29,Normal
30,30,Normal
31,31,Poison
32,32,Poison
33,33,Electric
34,34,Electric
35,35,Electric
36,36,Electric
37,37,Ground
38,38,Ice
39,39,Ground
40,40,Ice
41,41,Poison
42,42,Poison
43,43,Poison
44,44,Poison
45,45,Poison
46,46,Poison
47,47,Fairy
48,48,Fairy
49,49,Fire
50,50,Ice
51,51,Fire
52,52,Ice
53,53,Normal
54,54,Normal
55,55,Poison
56,56,Poison
57,57,Grass
58,58,Grass
59,59,Grass
60,60,Bug
61,61,Bug
62,62,Bug
63,63,Bug
64,64,Ground
65,65,Ground
66,66,Ground
67,67,Ground
68,68,Normal
69,69,Dark
70,70,Steel
71,71,Normal
72,72,Dark
73,73,Water
74,74,Water
75,75,Fighting
76,76,Fighting
77,77,Fire
78,78,Fire
79,79,Fire
80,80,Fire
81,81,Water
82,82,Water
83,83,Water
84,84,Psychic
85,85,Psychic
86,86,Psychic
87,87,Psychic
88,88,Fighting
89,89,Fighting
90,90,Fighting
91,91,Grass
92,92,Grass
93,93,Grass
94,94,Water
95,95,Water
96,96,Rock
97,97,Rock
98,98,Rock
99,99,Rock
100,100,Rock
101,101,Rock
102,102,Fire
103,103,Psychic
104,104,Fire
105,105,Psychic
106,106,Water
107,107,Psychic
108,108,Water
109,109,Water
110,110,Poison
111,111,Electric
112,112,Electric
113,113,Normal
114,114,Fighting
115,115,Normal
116,116,Normal
117,117,Water
118,118,Water
119,119,Poison
120,120,Poison
121,121,Poison
122,122,Poison
123,123,Water
124,124,Water
125,125,Ghost
126,126,Ghost
127,127,Ghost
128,128,Ghost
129,129,Rock
130,130,Psychic
131,131,Psychic
132,132,Water
133,133,Water
134,134,Electric
135,135,Electric
136,136,Electric
137,137,Electric
138,138,Grass
139,139,Grass
140,140,Grass
141,141,Ground
142,142,Ground
143,143,Fire
144,144,Fighting
145,145,Fighting
146,146,Normal
147,147,Poison
148,148,Poison
149,149,Poison
150,150,Ground
151,151,Ground
152,152,Normal
153,153,Grass
154,154,Normal
155,155,Normal
156,156,Water
157,157,Water
158,158,Water
159,159,Water
160,160,Water
161,161,Water
162,162,Psychic
163,163,Ice
164,164,Bug
165,165,Ice
166,166,Electric
167,167,Fire
168,168,Bug
169,169,Bug
170,170,Normal
171,171,Fighting
172,172,Fighting
173,173,Fighting
174,174,Water
175,175,Water
176,176,Water
177,177,Water
178,178,Normal
179,179,Normal
180,180,Normal
181,181,Water
182,182,Electric
183,183,Fire
184,184,Normal
185,185,Rock
186,186,Rock
187,187,Rock
188,188,Rock
189,189,Rock
190,190,Rock
191,191,Normal
192,192,Ice
193,193,Psychic
194,194,Electric
195,195,Fighting
196,196,Fire
197,197,Dark
198,198,Dragon
199,199,Dragon
200,200,Dragon
201,201,Psychic
202,202,Psychic
203,203,Psychic
204,204,Psychic
205,205,Grass
206,206,Grass
207,207,Grass
208,208,Fire
209,209,Fire
210,210,Fire
211,211,Fire
212,212,Water
213,213,Water
214,214,Water
215,215,Normal
216,216,Normal
217,217,Normal
218,218,Normal
219,219,Bug
220,220,Bug
221,221,Bug
222,222,Bug
223,223,Poison
224,224,Water
225,225,Water
226,226,Electric
227,227,Fairy
228,228,Normal
229,229,Fairy
230,230,Fairy
231,231,Psychic
232,232,Psychic
233,233,Electric
234,234,Electric
235,235,Electric
236,236,Electric
237,237,Grass
238,238,Water
239,239,Water
240,240,Rock
241,241,Water
242,242,Grass
243,243,Grass
244,244,Grass
245,245,Normal
246,246,Grass
247,247,Grass
248,248,Bug
249,249,Water
250,250,Poison
251,251,Water
252,252,Psychic
253,253,Dark
254,254,Dark
255,255,Water
256,256,Poison
257,257,Ghost
258,258,Psychic
259,259,Psychic
260,260,Normal
261,261,Bug
262,262,Bug
263,263,Normal
264,264,Ground
265,265,Steel
266,266,Steel
267,267,Fairy
268,268,Fairy
269,269,Water
270,270,Dark
271,271,Bug
272,272,Bug
273,273,Bug
274,274,Bug
275,275,Bug
276,276,Dark
277,277,Fighting
278,278,Normal
279,279,Normal
280,280,Fire
281,281,Fire
282,282,Ice
283,283,Ice
284,284,Water
285,285,Ghost
286,286,Water
287,287,Water
288,288,Ice
289,289,Water
290,290,Steel
291,291,Dark
292,292,Dark
293,293,Dark
294,294,Water
295,295,Ground
296,296,Ground
297,297,Normal
298,298,Normal
299,299,Normal
300,300,Fighting
301,301,Fighting
302,302,Ice
303,303,Electric
304,304,Fire
305,305,Normal
306,306,Normal
307,307,Electric
308,308,Fire
309,309,Water
310,310,Rock
311,311,Rock
312,312,Rock
313,313,Rock
314,314,Psychic
315,315,Fire
316,316,Psychic
317,317,Grass
318,318,Grass
319,319,Grass
320,320,Grass
321,321,Fire
322,322,Fire
323,323,Fire
324,324,Fire
325,325,Water
326,326,Water
327,327,Water
328,328,Water
329,329,Dark
330,330,Dark
331,331,Normal
332,332,Dark
333,333,Normal
334,334,Dark
335,335,Bug
336,336,Bug
337,337,Bug
338,338,Bug
339,339,Bug
340,340,Water
341,341,Water
342,342,Water
343,343,Grass
344,344,Grass
345,345,Grass
346,346,Normal
347,347,Normal
348,348,Water
349,349,Water
350,350,Psychic
351,351,Psychic
352,352,Psychic
353,353,Psychic
354,354,Bug
355,355,Bug
356,356,Grass
357,357,Grass
358,358,Normal
359,359,Normal
360,360,Normal
361,361,Bug
362,362,Bug
363,363,Bug
364,364,Normal
365,365,Normal
366,366,Normal
367,367,Fighting
368,368,Fighting
369,369,Normal
370,370,Rock
371,371,Normal
372,372,Normal
373,373,Dark
374,374,Dark
375,375,Steel
376,376,Steel
377,377,Steel
378,378,Steel
379,379,Steel
380,380,Steel
381,381,Fighting
382,382,Fighting
383,383,Fighting
384,384,Electric
385,385,Electric
386,386,Electric
387,387,Electric
388,388,Electric
389,389,Bug
390,390,Bug
391,391,Grass
392,392,Poison
393,393,Poison
394,394,Water
395,395,Water
396,396,Water
397,397,Water
398,398,Water
399,399,Fire
400,400,Fire
401,401,Fire
402,402,Fire
403,403,Psychic
404,404,Psychic
405,405,Normal
406,406,Ground
407,407,Ground
408,408,Ground
409,409,Grass
410,410,Grass
411,411,Normal
412,412,Dragon
413,413,Dragon
414,414,Normal
415,415,Poison
416,416,Rock
417,417,Rock
418,418,Water
419,419,Water
420,420,Water
421,421,Water
422,422,Ground
423,423,Ground
424,424,Rock
425,425,Rock
426,426,Rock
427,427,Rock
428,428,Water
429,429,Water
430,430,Normal
431,431,Fire
432,432,Water
433,433,Ice
434,434,Normal
435,435,Ghost
436,436,Ghost
437,437,Ghost
438,438,Ghost
439,439,Ghost
440,440,Grass
441,441,Psychic
442,442,Dark
443,443,Dark
444,444,Psychic
445,445,Ice
446,446,Ice
447,447,Ice
448,448,Ice
449,449,Ice
450,450,Ice
451,451,Water
452,452,Water
453,453,Water
454,454,Water
455,455,Water
456,456,Dragon
457,457,Dragon
458,458,Dragon
459,459,Dragon
460,460,Steel
461,461,Steel
462,462,Steel
463,463,Steel
464,464,Rock
465,465,Ice
466,466,Steel
467,467,Dragon
468,468,Dragon
469,469,Dragon
470,470,Dragon
471,471,Water
472,472,Water
473,473,Ground
474,474,Ground
475,475,Dragon
476,476,Dragon
477,477,Steel
478,478,Psychic
479,479,Psychic
480,480,Psychic
481,481,Psychic
482,482,Grass
483,483,Grass
484,484,Grass
485,485,Fire
486,486,Fire
487,487,Fire
488,488,Water
489,489,Water
490,490,Water
491,491,Normal
492,492,Normal
493,493,Normal
494,494,Normal
495,495,Normal
496,496,Bug
497,497,Bug
498,498,Electric
499,499,Electric
500,500,Electric
501,501,Grass
502,502,Grass
503,503,Rock
504,504,Rock
505,505,Rock
506,506,Rock
507,507,Bug
508,508,Bug
509,509,Bug
510,510,Bug
511,511,Bug
512,512,Bug
513,513,Bug
514,514,Bug
515,515,Bug
516,516,Electric
517,517,Water
518,518,Water
519,519,Grass
520,520,Grass
521,521,Water
522,522,Water
523,523,Normal
524,524,Ghost
525,525,Ghost
526,526,Normal
527,527,Normal
528,528,Normal
529,529,Ghost
530,530,Dark
531,531,Normal
532,532,Normal
533,533,Psychic
534,534,Poison
535,535,Poison
536,536,Steel
537,537,Steel
538,538,Rock
539,539,Psychic
540,540,Normal
541,541,Normal
542,542,Ghost
543,543,Dragon
544,544,Dragon
545,545,Dragon
546,546,Dragon
547,547,Normal
548,548,Fighting
549,549,Fighting
550,550,Fighting
551,551,Ground
552,552,Ground
553,553,Poison
554,554,Poison
555,555,Poison
556,556,Poison
557,557,Grass
558,558,Water
559,559,Water
560,560,Water
561,561,Grass
562,562,Grass
563,563,Grass
564,564,Dark
565,565,Electric
566,566,Normal
567,567,Ground
568,568,Grass
569,569,Electric
570,570,Fire
571,571,Fairy
572,572,Bug
573,573,Grass
574,574,Ice
575,575,Ground
576,576,Ice
577,577,Normal
578,578,Psychic
579,579,Psychic
580,580,Rock
581,581,Ghost
582,582,Ice
583,583,Electric
584,584,Electric
585,585,Electric
586,586,Electric
587,587,Electric
588,588,Electric
589,589,Psychic
590,590,Psychic
591,591,Psychic
592,592,Steel
593,593,Steel
594,594,Water
595,595,Water
596,596,Fire
597,597,Normal
598,598,Ghost
599,599,Ghost
600,600,Psychic
601,601,Water
602,602,Water
603,603,Dark
604,604,Grass
605,605,Grass
606,606,Normal
607,607,Psychic
608,608,Grass
609,609,Grass
610,610,Grass
611,611,Fire
612,612,Fire
613,613,Fire
614,614,Water
615,615,Water
616,616,Water
617,617,Water
618,618,Normal
619,619,Normal
620,620,Normal
621,621,Normal
622,622,Normal
623,623,Dark
624,624,Dark
625,625,Grass
626,626,Grass
627,627,Fire
628,628,Fire
629,629,Water
630,630,Water
631,631,Psychic
632,632,Psychic
633,633,Normal
634,634,Normal
635,635,Normal
636,636,Electric
637,637,Electric
638,638,Rock
639,639,Rock
640,640,Rock
641,641,Psychic
642,642,Psychic
643,643,Ground
644,644,Ground
645,645,Normal
646,646,Normal
647,647,Fighting
648,648,Fighting
649,649,Fighting
650,650,Water
651,651,Water
652,652,Water
653,653,Fighting
654,654,Fighting
655,655,Bug
656,656,Bug
657,657,Bug
658,658,Bug
659,659,Bug
660,660,Bug
661,661,Grass
662,662,Grass
663,663,Grass
664,664,Grass
665,665,Grass
666,666,Water
667,667,Water
668,668,Water
669,669,Ground
670,670,Ground
671,671,Ground
672,672,Fire
673,673,Ice
674,674,Fire
675,675,Fire
676,676,Ice
677,677,Ice
678,678,Grass
679,679,Bug
680,680,Bug
681,681,Dark
682,682,Dark
683,683,Psychic
684,684,Ghost
685,685,Ground
686,686,Ghost
687,687,Water
688,688,Water
689,689,Rock
690,690,Rock
691,691,Poison
692,692,Poison
693,693,Dark
694,694,Normal
695,695,Dark
696,696,Normal
697,697,Normal
698,698,Normal
699,699,Psychic
700,700,Psychic
701,701,Psychic
702,702,Psychic
703,703,Psychic
704,704,Psychic
705,705,Water
706,706,Water
707,707,Ice
708,708,Ice
709,709,Ice
710,710,Normal
711,711,Normal
712,712,Electric
713,713,Bug
714,714,Bug
715,715,Grass
716,716,Grass
717,717,Water
718,718,Water
719,719,Water
720,720,Bug
721,721,Bug
722,722,Grass
723,723,Grass
724,724,Steel
725,725,Steel
726,726,Steel
727,727,Electric
728,728,Electric
729,729,Electric
730,730,Psychic
731,731,Psychic
732,732,Ghost
733,733,Ghost
734,734,Ghost
735,735,Dragon
736,736,Dragon
737,737,Dragon
738,738,Ice
739,739,Ice
740,740,Ice
741,741,Bug
742,742,Bug
743,743,Ground
744,744,Ground
745,745,Fighting
746,746,Fighting
747,747,Dragon
748,748,Ground
749,749,Ground
750,750,Dark
751,751,Dark
752,752,Normal
753,753,Normal
754,754,Normal
755,755,Psychic
756,756,Dark
757,757,Dark
758,758,Fire
759,759,Bug
760,760,Dark
761,761,Dark
762,762,Dark
763,763,Bug
764,764,Bug
765,765,Steel
766,766,Rock
767,767,Grass
768,768,Flying
769,769,Flying
770,770,Electric
771,771,Electric
772,772,Dragon
773,773,Dragon
774,774,Ground
775,775,Ground
776,776,Dragon
777,777,Dragon
778,778,Dragon
779,779,Water
780,780,Water
781,781,Normal
782,782,Normal
783,783,Bug
784,784,Grass
785,785,Grass
786,786,Grass
787,787,Fire
788,788,Fire
789,789,Fire
790,790,Water
791,791,Water
792,792,Water
793,793,Water
794,794,Normal
795,795,Normal
796,796,Normal
797,797,Fire
798,798,Fire
799,799,Bug
800,800,Bug
801,801,Bug
802,802,Fire
803,803,Fire
804,804,Fairy
805,805,Fairy
806,806,Fairy
807,807,Grass
808,808,Grass
809,809,Fighting
810,810,Fighting
811,811,Normal
812,812,Psychic
813,813,Psychic
814,814,Psychic
815,815,Steel
816,816,Steel
817,817,Steel
818,818,Steel
819,819,Fairy
820,820,Fairy
821,821,Fairy
822,822,Fairy
823,823,Dark
824,824,Dark
825,825,Rock
826,826,Rock
827,827,Poison
828,828,Poison
829,829,Water
830,830,Water
831,831,Electric
832,832,Electric
833,833,Rock
834,834,Rock
835,835,Rock
836,836,Rock
837,837,Fairy
838,838,Fighting
839,839,Electric
840,840,Rock
841,841,Dragon
842,842,Dragon
843,843,Steel
844,844,Dragon
845,845,Steel
846,846,Steel
847,847,Ghost
848,848,Ghost
849,849,Ghost
850,850,Ghost
851,851,Ghost
852,852,Ghost
853,853,Ghost
854,854,Ghost
855,855,Ghost
856,856,Ghost
857,857,Ice
858,858,Ice
859,859,Ice
860,860,Flying
861,861,Flying
862,862,Fairy
863,863,Dark
864,864,Dragon
865,865,Dragon
866,866,Dragon
867,867,Rock
868,868,Rock
869,869,Psychic
870,870,Psychic
871,871,Fire
872,872,Grass
873,873,Grass
874,874,Grass
875,875,Grass
876,876,Fire
877,877,Fire
878,878,Fire
879,879,Water
880,880,Water
881,881,Water
882,882,Normal
883,883,Normal
884,884,Normal
885,885,Normal
886,886,Normal
887,887,Bug
888,888,Bug
889,889,Bug
890,890,Fighting
891,891,Fighting
892,892,Fire
893,893,Electric
894,894,Psychic
895,895,Ghost
896,896,Bug
897,897,Bug
898,898,Rock
899,899,Rock
900,900,Rock
901,901,Rock
902,902,Rock
903,903,Water
904,904,Water
905,905,Poison
906,906,Poison
907,907,Ground
908,908,Ground
909,909,Water
910,910,Water
911,911,Grass
912,912,Grass
913,913,Grass
914,914,Grass
915,915,Poison
916,916,Poison
917,917,Normal
918,918,Normal
919,919,Grass
920,920,Grass
921,921,Grass
922,922,Fairy
923,923,Normal
924,924,Fighting
925,925,Bug
926,926,Bug
927,927,Ghost
928,928,Ghost
929,929,Water
930,930,Normal
931,931,Normal
932,932,Rock
933,933,Rock
934,934,Normal
935,935,Fire
936,936,Electric
937,937,Ghost
938,938,Water
939,939,Normal
940,940,Ghost
941,941,Dragon
942,942,Dragon
943,943,Dragon
944,944,Electric
945,945,Psychic
946,946,Grass
947,947,Water
948,948,Psychic
949,949,Psychic
950,950,Psychic
951,951,Psychic
952,952,Rock
953,953,Bug
954,954,Bug
955,955,Electric
956,956,Steel
957,957,Grass
958,958,Dark
959,959,Psychic
960,960,Psychic
961,961,Psychic
962,962,Psychic
963,963,Steel
964,964,Fighting
965,965,Poison
966,966,Poison
967,967,Rock
968,968,Fire
969,969,Electric
970,970,Steel
971,971,Steel
972,972,Grass
973,973,Grass
974,974,Grass
975,975,Fire
976,976,Fire
977,977,Fire
978,978,Water
979,979,Water
980,980,Water
981,981,Normal
982,982,Normal
983,983,Flying
984,984,Flying
985,985,Flying
986,986,Bug
987,987,Bug
988,988,Bug
989,989,Dark
990,990,Dark
991,991,Grass
992,992,Grass
993,993,Normal
994,994,Normal
995,995,Water
996,996,Water
997,997,Electric
998,998,Electric
999,999,Rock
1000,1000,Rock
1001,1001,Rock
1002,1002,Grass
1003,1003,Grass
1004,1004,Grass
1005,1005,Ground
1006,1006,Ground
1007,1007,Flying
1008,1008,Water
1009,1009,Water
1010,1010,Electric
1011,1011,Electric
1012,1012,Electric
1013,1013,Fire
1014,1014,Fire
1015,1015,Fighting
1016,1016,Fighting
1017,1017,Ghost
1018,1018,Ghost
1019,1019,Psychic
1020,1020,Psychic
1021,1021,Psychic
1022,1022,Dark
1023,1023,Dark
1024,1024,Dark
1025,1025,Dark
1026,1026,Steel
1027,1027,Ghost
1028,1028,Fighting
1029,1029,Ice
1030,1030,Ground
1031,1031,Fairy
1032,1032,Fairy
1033,1033,Fighting
1034,1034,Electric
1035,1035,Ice
1036,1036,Ice
1037,1037,Rock
1038,1038,Ice
1039,1039,Ice
1040,1040,Psychic
1041,1041,Psychic
1042,1042,Electric
1043,1043,Electric
1044,1044,Steel
1045,1045,Steel
1046,1046,Electric
1047,1047,Electric
1048,1048,Water
1049,1049,Water
1050,1050,Steel
1051,1051,Dragon
1052,1052,Dragon
1053,1053,Dragon
1054,1054,Fairy
1055,1055,Fairy
1056,1056,Fighting
1057,1057,Fighting
1058,1058,Poison
1059,1059,Poison
1060,1060,Fighting
1061,1061,Fighting
1062,1062,Fighting
1063,1063,Dark
1064,1064,Electric
1065,1065,Dragon
1066,1066,Ice
1067,1067,Ghost
1068,1068,Psychic
1069,1069,Psychic
1070,1070,Psychic
1071,1071,Normal
1072,1072,Bug
1073,1073,Ground
1074,1074,Ground
1075,1075,Water
1076,1076,Water
1077,1077,Fighting
1078,1078,Dark
1079,1079,Fairy
1080,1080,Fairy
1081,1081,Grass
1082,1082,Grass
1083,1083,Grass
1084,1084,Fire
1085,1085,Fire
1086,1086,Fire
1087,1087,Water
1088,1088,Water
1089,1089,Water
1090,1090,Normal
1091,1091,Normal
1092,1092,Normal
1093,1093,Bug
1094,1094,Bug
1095,1095,Bug
1096,1096,Bug
1097,1097,Electric
1098,1098,Electric
1099,1099,Electric
1100,1100,Normal
1101,1101,Normal
1102,1102,Normal
1103,1103,Fairy
1104,1104,Fairy
1105,1105,Grass
1106,1106,Grass
1107,1107,Grass
1108,1108,Normal
1109,1109,Normal
1110,1110,Normal
1111,1111,Normal
1112,1112,Rock
1113,1113,Rock
1114,1114,Rock
1115,1115,Fire
1116,1116,Fire
1117,1117,Fire
1118,1118,Electric
1119,1119,Electric
1120,1120,Electric
1121,1121,Electric
1122,1122,Dark
1123,1123,Dark
1124,1124,Poison
1125,1125,Poison
1126,1126,Grass
1127,1127,Grass
1128,1128,Ground
1129,1129,Ground
1130,1130,Rock
1131,1131,Grass
1132,1132,Grass
1133,1133,Bug
1134,1134,Bug
1135,1135,Psychic
1136,1136,Psychic
1137,1137,Fairy
1138,1138,Fairy
1139,1139,Fairy
1140,1140,Water
1141,1141,Water
1142,1142,Flying
1143,1143,Water
1144,1144,Water
1145,1145,Water
1146,1146,Steel
1147,1147,Steel
1148,1148,Dragon
1149,1149,Steel
1150,1150,Rock
1151,1151,Rock
1152,1152,Ghost
1153,1153,Ghost
1154,1154,Flying
1155,1155,Ice
1156,1156,Ice
1157,1157,Water
1158,1158,Water
1159,1159,Dragon
1160,1160,Dragon
1161,1161,Dragon
1162,1162,Fighting
1163,1163,Poison
1164,1164,Normal
1165,1165,Normal
1166,1166,Normal
1167,1167,Dark
1168,1168,Ground
1169,1169,Fairy
1170,1170,Grass
1171,1171,Ghost
1172,1172,Bug
1173,1173,Electric
1174,1174,Ground
1175,1175,Ice
1176,1176,Fighting
1177,1177,Dark
1178,1178,Fire
1179,1179,Rock
1180,1180,Dragon
1181,1181,Dragon
1182,1182,Dragon
1183,1183,Ghost
1184,1184,Ghost
1185,1185,Steel
1186,1186,Dark
1187,1187,Dark
1188,1188,Dark
1189,1189,Dark
1190,1190,Dragon
1191,1191,Fairy
1192,1192,Fighting
1193,1193,Electric
1194,1194,Water
1195,1195,Grass
1196,1196,Grass
1197,1197,Grass
1198,1198,Grass
1199,1199,Poison
1200,1200,Poison
1201,1201,Poison
1202,1202,Grass
1203,1203,Grass
1204,1204,Grass
1205,1205,Grass
1206,1206,Steel
1207,1207,Grass
1208,1208,Fire
1209,1209,Electric
1210,1210,Rock
1211,1211,Steel
1212,1212,Normal
1213,1213,Normal
1214,1214,Normal
1215,1215,Poison
1216,1,Poison
1217,2,Poison
1218,3,Poison
1219,4,Poison
1220,5,""
1221,6,""
1222,7,Flying
1223,8,Dragon
1224,9,Flying
1225,10,""
1226,11,""
1227,12,""
1228,13,""
1229,14,""
1230,15,""
1231,16,Flying
1232,17,Poison
1233,18,Poison
1234,19,Poison
1235,20,Poison
1236,21,Flying
1237,22,Flying
1238,23,Flying
1239,24,Flying
1240,25,""
1241,26,Normal
1242,27,""
1243,28,Normal
1244,29,Flying
1245,30,Flying
1246,31,""
1247,32,""
1248,33,""
1249,34,""
1250,35,""
1251,36,Psychic
1252,37,""
1253,38,Steel
1254,39,""
1255,40,Steel
1256,41,""
1257,42,""
1258,43,Ground
1259,44,""
1260,45,""
1261,46,Ground
1262,47,""
1263,48,""
1264,49,""
1265,50,""
1266,51,""
1267,52,Fairy
1268,53,Fairy
1269,54,Fairy
1270,55,Flying
1271,56,Flying
1272,57,Poison
1273,58,Poison
1274,59,Poison
1275,60,Grass
1276,61,Grass
1277,62,Poison
1278,63,Poison
1279,64,""
1280,65,Steel
1281,66,""
1282,67,Steel
1283,68,""
1284,69,""
1285,70,""
1286,71,""
1287,72,""
1288,73,""
1289,74,""
1290,75,""
1291,76,""
1292,77,""
1293,78,Rock
1294,79,""
1295,80,Rock
1296,81,""
1297,82,""
1298,83,Fighting
1299,84,""
1300,85,""
1301,86,""
1302,87,""
1303,88,""
1304,89,""
1305,90,""
1306,91,Poison
1307,92,Poison
1308,93,Poison
1309,94,Poison
1310,95,Poison
1311,96,Ground
1312,97,Electric
1313,98,Ground
1314,99,Electric
1315,100,Ground
1316,101,Electric
1317,102,""
1318,103,""
1319,104,""
1320,105,Fairy
1321,106,Psychic
1322,107,""
1323,108,Psychic
1324,109,Psychic
1325,110,Psychic
1326,111,Steel
1327,112,Steel
1328,113,Flying
1329,114,""
1330,115,Flying
1331,116,Flying
1332,117,""
1333,118,Ice
1334,119,""
1335,120,Dark
1336,121,""
1337,122,Dark
1338,123,""
1339,124,Ice
1340,125,Poison
1341,126,Poison
1342,127,Poison
1343,128,Poison
1344,129,Ground
1345,130,""
1346,131,""
1347,132,""
1348,133,""
1349,134,""
1350,135,Grass
1351,136,""
1352,137,Grass
1353,138,Psychic
1354,139,Psychic
1355,140,Dragon
1356,141,""
1357,142,""
1358,143,Ghost
1359,144,""
1360,145,""
1361,146,""
1362,147,""
1363,148,""
1364,149,Fairy
1365,150,Rock
1366,151,Rock
1367,152,""
1368,153,""
1369,154,""
1370,155,""
1371,156,""
1372,157,""
1373,158,""
1374,159,""
1375,160,""
1376,161,Psychic
1377,162,Fairy
1378,163,Psychic
1379,164,Flying
1380,165,Psychic
1381,166,""
1382,167,""
1383,168,""
1384,169,Flying
1385,170,""
1386,171,""
1387,172,Fire
1388,173,Water
1389,174,""
1390,175,Flying
1391,176,Dark
1392,177,Ice
1393,178,""
1394,179,""
1395,180,""
1396,181,""
1397,182,""
1398,183,""
1399,184,""
1400,185,Water
1401,186,Water
1402,187,Water
1403,188,Water
1404,189,Flying
1405,190,Flying
1406,191,""
1407,192,Flying
1408,193,Flying
1409,194,Flying
1410,195,Flying
1411,196,Flying
1412,197,Flying
1413,198,""
1414,199,""
1415,200,Flying
1416,201,""
1417,202,Fighting
1418,203,""
1419,204,""
1420,205,""
1421,206,""
1422,207,""
1423,208,""
1424,209,""
1425,210,""
1426,211,Ghost
1427,212,""
1428,213,""
1429,214,""
1430,215,""
1431,216,""
1432,217,Flying
1433,218,Flying
1434,219,Flying
1435,220,Flying
1436,221,Poison
1437,222,Poison
1438,223,Flying
1439,224,Electric
1440,225,Electric
1441,226,""
1442,227,""
1443,228,Fairy
1444,229,""
1445,230,Flying
1446,231,Flying
1447,232,Flying
1448,233,""
1449,234,""
1450,235,""
1451,236,Dragon
1452,237,""
1453,238,Fairy
1454,239,Fairy
1455,240,""
1456,241,""
1457,242,Flying
1458,243,Flying
1459,244,Flying
1460,245,""
1461,246,""
1462,247,""
1463,248,Flying
1464,249,Ground
1465,250,Ground
1466,251,Ground
1467,252,""
1468,253,""
1469,254,Flying
1470,255,Psychic
1471,256,Psychic
1472,257,""
1473,258,""
1474,259,""
1475,260,Psychic
1476,261,""
1477,262,Steel
1478,263,""
1479,264,Flying
1480,265,Ground
1481,266,Ground
1482,267,""
1483,268,""
1484,269,Poison
1485,270,Poison
1486,271,Steel
1487,272,Steel
1488,273,Rock
1489,274,Fighting
1490,275,Fighting
1491,276,Ice
1492,277,Poison
1493,278,""
1494,279,""
1495,280,""
1496,281,Rock
1497,282,Ground
1498,283,Ground
1499,284,Rock
1500,285,""
1501,286,""
1502,287,""
1503,288,Flying
1504,289,Flying
1505,290,Flying
1506,291,Fire
1507,292,Fire
1508,293,Fire
1509,294,Dragon
1510,295,""
1511,296,""
1512,297,""
1513,298,""
1514,299,""
1515,300,""
1516,301,""
1517,302,Psychic
1518,303,""
1519,304,""
1520,305,""
1521,306,""
1522,307,""
1523,308,""
1524,309,""
1525,310,Ground
1526,311,Ground
1527,312,Dark
1528,313,Dark
1529,314,Flying
1530,315,Flying
1531,316,Grass
1532,317,""
1533,318,""
1534,319,""
1535,320,Dragon
1536,321,""
1537,322,Fighting
1538,323,Fighting
1539,324,Fighting
1540,325,""
1541,326,Ground
1542,327,Ground
1543,328,Ground
1544,329,""
1545,330,""
1546,331,""
1547,332,Normal
1548,333,""
1549,334,Normal
1550,335,""
1551,336,""
1552,337,Flying
1553,338,""
1554,339,Poison
1555,340,Grass
1556,341,Grass
1557,342,Grass
1558,343,""
1559,344,Dark
1560,345,Dark
1561,346,Flying
1562,347,Flying
1563,348,Flying
1564,349,Flying
1565,350,Fairy
1566,351,Fairy
1567,352,Fairy
1568,353,Fairy
1569,354,Water
1570,355,Flying
1571,356,""
1572,357,Fighting
1573,358,""
1574,359,""
1575,360,""
1576,361,Ground
1577,362,Flying
1578,363,Ghost
1579,364,""
1580,365,""
1581,366,""
1582,367,""
1583,368,""
1584,369,Fairy
1585,370,""
1586,371,""
1587,372,""
1588,373,Ghost
1589,374,Ghost
1590,375,Fairy
1591,376,Fairy
1592,377,Rock
1593,378,Rock
1594,379,Rock
1595,380,""
1596,381,Psychic
1597,382,Psychic
1598,383,Psychic
1599,384,""
1600,385,""
1601,386,""
1602,387,""
1603,388,""
1604,389,""
1605,390,""
1606,391,Poison
1607,392,""
1608,393,""
1609,394,Dark
1610,395,Dark
1611,396,Dark
1612,397,""
1613,398,""
1614,399,Ground
1615,400,Ground
1616,401,Ground
1617,402,""
1618,403,""
1619,404,""
1620,405,""
1621,406,""
1622,407,Dragon
1623,408,Dragon
1624,409,""
1625,410,Dark
1626,411,Flying
1627,412,Flying
1628,413,Fairy
1629,414,""
1630,415,""
1631,416,Psychic
1632,417,Psychic
1633,418,Ground
1634,419,Ground
1635,420,""
1636,421,Dark
1637,422,Psychic
1638,423,Psychic
1639,424,Grass
1640,425,Grass
1641,426,Bug
1642,427,Bug
1643,428,""
1644,429,""
1645,430,""
1646,431,""
1647,432,""
1648,433,""
1649,434,""
1650,435,""
1651,436,""
1652,437,""
1653,438,""
1654,439,""
1655,440,Flying
1656,441,""
1657,442,""
1658,443,""
1659,444,""
1660,445,""
1661,446,""
1662,447,""
1663,448,Water
1664,449,Water
1665,450,Water
1666,451,""
1667,452,""
1668,453,""
1669,454,Rock
1670,455,""
1671,456,""
1672,457,""
1673,458,Flying
1674,459,Flying
1675,460,Psychic
1676,461,Psychic
1677,462,Psychic
1678,463,Psychic
1679,464,""
1680,465,""
1681,466,""
1682,467,Psychic
1683,468,Psychic
1684,469,Psychic
1685,470,Psychic
1686,471,""
1687,472,""
1688,473,""
1689,474,Fire
1690,475,Flying
1691,476,Flying
1692,477,Psychic
1693,478,""
1694,479,""
1695,480,""
1696,481,""
1697,482,""
1698,483,""
1699,484,Ground
1700,485,""
1701,486,Fighting
1702,487,Fighting
1703,488,""
1704,489,""
1705,490,Steel
1706,491,Flying
1707,492,Flying
1708,493,Flying
1709,494,""
1710,495,Water
1711,496,""
1712,497,""
1713,498,""
1714,499,""
1715,500,""
1716,501,Poison
1717,502,Poison
1718,503,""
1719,504,""
1720,505,Steel
1721,506,Steel
1722,507,""
1723,508,""
1724,509,""
1725,510,Grass
1726,511,Ground
1727,512,Steel
1728,513,Flying
1729,514,Flying
1730,515,Flying
1731,516,""
1732,517,""
1733,518,""
1734,519,""
1735,520,""
1736,521,""
1737,522,Ground
1738,523,""
1739,524,Flying
1740,525,Flying
1741,526,""
1742,527,""
1743,528,Fighting
1744,529,""
1745,530,Flying
1746,531,""
1747,532,""
1748,533,""
1749,534,Dark
1750,535,Dark
1751,536,Psychic
1752,537,Psychic
1753,538,""
1754,539,Fairy
1755,540,""
1756,541,Flying
1757,542,Dark
1758,543,Ground
1759,544,Ground
1760,545,Ground
1761,546,Ground
1762,547,""
1763,548,""
1764,549,Steel
1765,550,Steel
1766,551,""
1767,552,""
1768,553,Bug
1769,554,Dark
1770,555,Fighting
1771,556,Fighting
1772,557,""
1773,558,""
1774,559,""
1775,560,Flying
1776,561,Ice
1777,562,Ice
1778,563,Ice
1779,564,Ice
1780,565,Steel
1781,566,""
1782,567,Rock
1783,568,""
1784,569,""
1785,570,""
1786,571,Flying
1787,572,Flying
1788,573,""
1789,574,""
1790,575,Flying
1791,576,Ground
1792,577,""
1793,578,Fighting
1794,579,Fighting
1795,580,Steel
1796,581,""
1797,582,Ghost
1798,583,Ghost
1799,584,Fire
1800,585,Water
1801,586,Ice
1802,587,Flying
1803,588,Grass
1804,589,""
1805,590,""
1806,591,""
1807,592,Dragon
1808,593,Dragon
1809,594,Dragon
1810,595,Dragon
1811,596,Steel
1812,597,""
1813,598,Dragon
1814,599,Dragon
1815,600,""
1816,601,""
1817,602,""
1818,603,""
1819,604,""
1820,605,Flying
1821,606,""
1822,607,Fire
1823,608,""
1824,609,""
1825,610,""
1826,611,""
1827,612,Fighting
1828,613,Fighting
1829,614,""
1830,615,""
1831,616,""
1832,617,Dark
1833,618,""
1834,619,""
1835,620,""
1836,621,""
1837,622,""
1838,623,""
1839,624,""
1840,625,""
1841,626,""
1842,627,""
1843,628,""
1844,629,""
1845,630,""
1846,631,""
1847,632,""
1848,633,Flying
1849,634,Flying
1850,635,Flying
1851,636,""
1852,637,""
1853,638,""
1854,639,""
1855,640,""
1856,641,Flying
1857,642,Flying
1858,643,""
1859,644,Steel
1860,645,""
1861,646,Fairy
1862,647,""
1863,648,""
1864,649,""
1865,650,""
1866,651,Ground
1867,652,Ground
1868,653,""
1869,654,""
1870,655,Grass
1871,656,Grass
1872,657,Grass
1873,658,Poison
1874,659,Poison
1875,660,Poison
1876,661,Fairy
1877,662,Fairy
1878,663,""
1879,664,""
1880,665,Fighting
1881,666,""
1882,667,""
1883,668,""
1884,669,Dark
1885,670,Dark
1886,671,Dark
1887,672,""
1888,673,""
1889,674,""
1890,675,Psychic
1891,676,""
1892,677,Fire
1893,678,""
1894,679,Rock
1895,680,Rock
1896,681,Fighting
1897,682,Fighting
1898,683,Flying
1899,684,""
1900,685,Ghost
1901,686,""
1902,687,Rock
1903,688,Rock
1904,689,Flying
1905,690,Flying
1906,691,""
1907,692,""
1908,693,""
1909,694,Ghost
1910,695,""
1911,696,Ghost
1912,697,""
1913,698,""
1914,699,""
1915,700,""
1916,701,""
1917,702,""
1918,703,""
1919,704,""
1920,705,Flying
1921,706,Flying
1922,707,""
1923,708,""
1924,709,""
1925,710,Grass
1926,711,Grass
1927,712,Flying
1928,713,""
1929,714,Steel
1930,715,Poison
1931,716,Poison
1932,717,Ghost
1933,718,Ghost
1934,719,""
1935,720,Electric
1936,721,Electric
1937,722,Steel
1938,723,Steel
1939,724,""
1940,725,""
1941,726,""
1942,727,""
1943,728,""
1944,729,""
1945,730,""
1946,731,""
1947,732,Fire
1948,733,Fire
1949,734,Fire
1950,735,""
1951,736,""
1952,737,""
1953,738,""
1954,739,""
1955,740,""
1956,741,""
1957,742,""
1958,743,Electric
1959,744,Steel
1960,745,""
1961,746,""
1962,747,""
1963,748,Ghost
1964,749,Ghost
1965,750,Steel
1966,751,Steel
1967,752,""
1968,753,Flying
1969,754,Flying
1970,755,Flying
1971,756,Flying
1972,757,Flying
1973,758,""
1974,759,Steel
1975,760,Dragon
1976,761,Dragon
1977,762,Dragon
1978,763,Fire
1979,764,Fire
1980,765,Fighting
1981,766,Fighting
1982,767,Fighting
1983,768,""
1984,769,""
1985,770,Flying
1986,771,Flying
1987,772,Fire
1988,773,Electric
1989,774,Flying
1990,775,Flying
1991,776,Ice
1992,777,Ice
1993,778,Ice
1994,779,Fighting
1995,780,Fighting
1996,781,Psychic
1997,782,Fighting
1998,783,Steel
1999,784,""
2000,785,""
2001,786,Fighting
2002,787,""
2003,788,""
2004,789,Psychic
2005,790,""
2006,791,""
2007,792,Dark
2008,793,Dark
2009,794,""
2010,795,Ground
2011,796,Flying
2012,797,Flying
2013,798,Flying
2014,799,""
2015,800,""
2016,801,Flying
2017,802,Normal
2018,803,Normal
2019,804,""
2020,805,""
2021,806,""
2022,807,""
2023,808,""
2024,809,""
2025,810,Dark
2026,811,""
2027,812,""
2028,813,""
2029,814,""
2030,815,Ghost
2031,816,Ghost
2032,817,Ghost
2033,818,Ghost
2034,819,""
2035,820,""
2036,821,""
2037,822,""
2038,823,Psychic
2039,824,Psychic
2040,825,Water
2041,826,Water
2042,827,Water
2043,828,Dragon
2044,829,""
2045,830,""
2046,831,Normal
2047,832,Normal
2048,833,Dragon
2049,834,Dragon
2050,835,Ice
2051,836,Ice
2052,837,""
2053,838,Flying
2054,839,Fairy
2055,840,Fairy
2056,841,""
2057,842,""
2058,843,Dragon
2059,844,""
2060,845,Dragon
2061,846,Fairy
2062,847,Grass
2063,848,Grass
2064,849,Grass
2065,850,Grass
2066,851,Grass
2067,852,Grass
2068,853,Grass
2069,854,Grass
2070,855,Grass
2071,856,Grass
2072,857,""
2073,858,""
2074,859,Rock
2075,860,Dragon
2076,861,Dragon
2077,862,""
2078,863,Flying
2079,864,Ground
2080,865,Ground
2081,866,Ground
2082,867,Fairy
2083,868,Fairy
2084,869,Ghost
2085,870,Dark
2086,871,Water
2087,872,Flying
2088,873,Flying
2089,874,Ghost
2090,875,Fighting
2091,876,""
2092,877,""
2093,878,Dark
2094,879,""
2095,880,""
2096,881,Fairy
2097,882,Flying
2098,883,Flying
2099,884,Flying
2100,885,""
2101,886,""
2102,887,""
2103,888,Electric
2104,889,Electric
2105,890,""
2106,891,Ice
2107,892,Flying
2108,893,Flying
2109,894,Flying
2110,895,Flying
2111,896,Fairy
2112,897,Fairy
2113,898,""
2114,899,""
2115,900,""
2116,901,""
2117,902,""
2118,903,""
2119,904,""
2120,905,Water
2121,906,Water
2122,907,""
2123,908,""
2124,909,Bug
2125,910,Bug
2126,911,""
2127,912,""
2128,913,Fairy
2129,914,Fairy
2130,915,Fire
2131,916,Fire
2132,917,Fighting
2133,918,Fighting
2134,919,""
2135,920,""
2136,921,""
2137,922,""
2138,923,Psychic
2139,924,""
2140,925,Water
2141,926,Water
2142,927,Ground
2143,928,Ground
2144,929,""
2145,930,""
2146,931,""
2147,932,Flying
2148,933,Flying
2149,934,""
2150,935,Dragon
2151,936,Steel
2152,937,Fairy
2153,938,Psychic
2154,939,Dragon
2155,940,Grass
2156,941,""
2157,942,Fighting
2158,943,Fighting
2159,944,Fairy
2160,945,Fairy
2161,946,Fairy
2162,947,Fairy
2163,948,""
2164,949,""
2165,950,Steel
2166,951,Ghost
2167,952,Poison
2168,953,Fighting
2169,954,Fighting
2170,955,""
2171,956,Flying
2172,957,Steel
2173,958,Dragon
2174,959,""
2175,960,Steel
2176,961,Ghost
2177,962,Dragon
2178,963,Fairy
2179,964,Ghost
2180,965,""
2181,966,Dragon
2182,967,Steel
2183,968,Ghost
2184,969,""
2185,970,""
2186,971,""
2187,972,""
2188,973,""
2189,974,""
2190,975,""
2191,976,""
2192,977,""
2193,978,""
2194,979,""
2195,980,""
2196,981,""
2197,982,""
2198,983,""
2199,984,""
2200,985,Steel
2201,986,""
2202,987,Psychic
2203,988,Psychic
2204,989,""
2205,990,""
2206,991,""
2207,992,""
2208,993,""
2209,994,""
2210,995,""
2211,996,Rock
2212,997,""
2213,998,""
2214,999,""
2215,1000,Fire
2216,1001,Fire
2217,1002,Dragon
2218,1003,Dragon
2219,1004,Dragon
2220,1005,""
2221,1006,""
2222,1007,Water
2223,1008,""
2224,1009,""
2225,1010,Poison
2226,1011,Poison
2227,1012,Poison
2228,1013,Bug
2229,1014,Bug
2230,1015,""
2231,1016,""
2232,1017,""
2233,1018,""
2234,1019,""
2235,1020,""
2236,1021,Fairy
2237,1022,Fairy
2238,1023,Fairy
2239,1024,Fairy
2240,1025,Normal
2241,1026,""
2242,1027,""
2243,1028,""
2244,1029,Psychic
2245,1030,Ghost
2246,1031,""
2247,1032,""
2248,1033,""
2249,1034,""
2250,1035,Bug
2251,1036,Bug
2252,1037,""
2253,1038,""
2254,1039,""
2255,1040,Normal
2256,1041,Normal
2257,1042,Dark
2258,1043,Dark
2259,1044,""
2260,1045,""
2261,1046,Dragon
2262,1047,Ice
2263,1048,Dragon
2264,1049,Ice
2265,1050,Dragon
2266,1051,Ghost
2267,1052,Ghost
2268,1053,Ghost
2269,1054,""
2270,1055,Steel
2271,1056,""
2272,1057,Steel
2273,1058,Dragon
2274,1059,Dragon
2275,1060,""
2276,1061,Dark
2277,1062,Water
2278,1063,Grass
2279,1064,""
2280,1065,""
2281,1066,""
2282,1067,""
2283,1068,Grass
2284,1069,Ice
2285,1070,Ghost
2286,1071,Psychic
2287,1072,Rock
2288,1073,Normal
2289,1074,Normal
2290,1075,Ghost
2291,1076,Ghost
2292,1077,Poison
2293,1078,Poison
2294,1079,Flying
2295,1080,Flying
2296,1081,""
2297,1082,""
2298,1083,Dark
2299,1084,""
2300,1085,""
2301,1086,Ghost
2302,1087,""
2303,1088,""
2304,1089,Fighting
2305,1090,""
2306,1091,""
2307,1092,""
2308,1093,""
2309,1094,""
2310,1095,""
2311,1096,Dark
2312,1097,""
2313,1098,Fighting
2314,1099,Fighting
2315,1100,""
2316,1101,""
2317,1102,""
2318,1103,""
2319,1104,""
2320,1105,Normal
2321,1106,Normal
2322,1107,Normal
2323,1108,Flying
2324,1109,Flying
2325,1110,Flying
2326,1111,Flying
2327,1112,""
2328,1113,""
2329,1114,""
2330,1115,""
2331,1116,Psychic
2332,1117,Ghost
2333,1118,""
2334,1119,""
2335,1120,Flying
2336,1121,Flying
2337,1122,""
2338,1123,""
2339,1124,Normal
2340,1125,Normal
2341,1126,Ghost
2342,1127,Ghost
2343,1128,Grass
2344,1129,Grass
2345,1130,""
2346,1131,""
2347,1132,Fire
2348,1133,""
2349,1134,Psychic
2350,1135,""
2351,1136,""
2352,1137,Steel
2353,1138,Steel
2354,1139,Steel
2355,1140,""
2356,1141,""
2357,1142,Dark
2358,1143,""
2359,1144,""
2360,1145,""
2361,1146,Poison
2362,1147,Poison
2363,1148,Normal
2364,1149,""
2365,1150,Poison
2366,1151,Poison
2367,1152,""
2368,1153,""
2369,1154,Fighting
2370,1155,""
2371,1156,""
2372,1157,Psychic
2373,1158,""
2374,1159,Water
2375,1160,Water
2376,1161,Water
2377,1162,Ghost
2378,1163,Ground
2379,1164,Psychic
2380,1165,""
2381,1166,""
2382,1167,Steel
2383,1168,Fighting
2384,1169,Psychic
2385,1170,Dark
2386,1171,Fairy
2387,1172,Fighting
2388,1173,Ground
2389,1174,Steel
2390,1175,Water
2391,1176,Electric
2392,1177,Flying
2393,1178,Poison
2394,1179,Electric
2395,1180,Ice
2396,1181,Ice
2397,1182,Ice
2398,1183,""
2399,1184,""
2400,1185,Ghost
2401,1186,Grass
2402,1187,Ice
2403,1188,Ground
2404,1189,Fire
2405,1190,Dark
2406,1191,Fighting
2407,1192,Dragon
2408,1193,Dragon
2409,1194,Dragon
2410,1195,Psychic
2411,1196,Dragon
2412,1197,Ghost
2413,1198,Ghost
2414,1199,Fighting
2415,1200,Psychic
2416,1201,Fairy
2417,1202,""
2418,1203,Water
2419,1204,Fire
2420,1205,Rock
2421,1206,Dragon
2422,1207,Dragon
2423,1208,Dragon
2424,1209,Dragon
2425,1210,Psychic
2426,1211,Psychic
2427,1212,""
2428,1213,""
2429,1214,""
2430,1215,Ghost
