internal_pokemon_id,total,hp,attack,defense,sp_atk,sp_def,speed
1,318,45,49,49,65,65,45
2,405,60,62,63,80,80,60
3,525,80,82,83,100,100,80
4,625,80,100,123,122,120,80
5,309,39,52,43,60,50,65
6,405,58,64,58,80,65,80
7,534,78,84,78,109,85,100
8,634,78,130,111,130,85,100
9,634,78,104,78,159,115,100
10,314,44,48,65,50,64,43
11,405,59,63,80,65,80,58
12,530,79,83,100,85,105,78
13,630,79,103,120,135,115,78
14,195,45,30,35,20,20,45
15,205,50,20,55,25,25,30
16,395,60,45,50,90,80,70
17,195,40,35,30,20,20,50
18,205,45,25,50,25,25,35
19,395,65,90,40,45,80,75
20,495,65,150,40,15,80,145
21,251,40,45,40,35,35,56
22,349,63,60,55,50,50,71
23,479,83,80,75,70,70,101
24,579,83,80,80,135,80,121
25,253,30,56,35,25,35,72
26,253,30,56,35,25,35,72
27,413,55,81,60,50,70,97
28,413,75,71,70,40,80,77
29,262,40,60,30,31,31,70
30,442,65,90,65,61,61,100
31,288,35,60,44,40,54,55
32,448,60,95,69,65,79,80
33,320,35,55,40,50,50,90
34,430,45,80,50,75,60,120
35,485,60,90,55,90,80,110
36,485,60,85,50,95,85,110
37,300,50,75,85,20,30,40
38,300,50,75,90,10,35,40
39,450,75,100,110,45,55,65
40,450,75,100,120,25,65,65
41,275,55,47,52,40,40,41
42,365,70,62,67,55,55,56
43,505,90,92,87,75,85,76
44,273,46,57,40,40,40,50
45,365,61,72,57,55,55,65
46,505,81,102,77,85,75,85
47,323,70,45,48,60,65,35
48,483,95,70,73,95,90,60
49,299,38,41,40,50,65,65
50,299,38,41,40,50,65,65
51,505,73,76,75,81,100,100
52,505,73,67,75,81,100,109
53,270,115,45,20,45,25,20
54,435,140,70,45,85,50,45
55,245,40,45,35,30,40,55
56,455,75,80,70,65,75,90
57,320,45,50,55,75,65,30
58,395,60,65,70,85,75,40
59,490,75,80,85,110,90,50
60,285,35,70,55,45,55,25
61,405,60,95,80,60,80,30
62,305,60,55,50,40,55,45
63,450,70,65,60,90,75,90
64,265,10,55,25,35,45,95
65,265,10,55,30,35,45,90
66,425,35,100,50,50,70,120
67,425,35,100,60,50,70,110
68,290,40,45,35,40,40,90
69,290,40,35,35,50,40,90
70,290,50,65,55,40,40,40
71,440,65,70,60,65,65,115
72,440,65,60,60,75,65,115
73,320,50,52,48,65,50,55
74,500,80,82,78,95,80,85
75,305,40,80,35,35,45,70
76,455,65,105,60,60,70,95
77,350,55,70,45,70,50,60
78,350,60,75,45,65,50,55
79,555,90,110,80,100,80,95
80,555,95,115,80,95,80,90
81,300,40,50,40,40,40,90
82,385,65,65,65,50,50,90
83,510,90,95,95,70,90,70
84,310,25,20,15,105,55,90
85,400,40,35,30,120,70,105
86,500,55,50,45,135,95,120
87,600,55,50,65,175,105,150
88,305,70,80,50,35,35,35
89,405,80,100,70,50,60,45
90,505,90,130,80,65,85,55
91,300,50,75,35,70,30,40
92,390,65,90,50,85,45,55
93,490,80,105,65,100,70,70
94,335,40,40,35,50,100,70
95,515,80,70,65,80,120,100
96,300,40,80,100,30,30,20
97,300,40,80,100,30,30,20
98,390,55,95,115,45,45,35
99,390,55,95,115,45,45,35
100,495,80,120,130,55,65,45
101,495,80,120,130,55,65,45
102,410,50,85,55,65,65,90
103,410,50,85,55,65,65,90
104,500,65,100,70,80,80,105
105,500,65,100,70,80,80,105
106,315,90,65,65,40,40,15
107,315,90,65,65,40,40,15
108,490,95,75,110,100,80,30
109,590,95,75,180,130,80,30
110,490,95,100,95,100,70,30
111,325,25,35,70,95,55,45
112,465,50,60,95,120,70,70
113,377,52,90,55,58,62,60
114,377,52,95,55,58,62,55
115,310,35,85,45,35,35,75
116,470,60,110,70,60,60,110
117,325,65,45,55,45,70,45
118,475,90,70,80,70,95,70
119,325,80,80,50,40,50,25
120,325,80,80,50,40,50,25
121,500,105,105,75,65,100,50
122,500,105,105,75,65,100,50
123,305,30,65,100,45,25,40
124,525,50,95,180,85,45,70
125,310,30,35,30,100,35,80
126,405,45,50,45,115,55,95
127,500,60,65,60,130,75,110
128,600,60,65,80,170,95,130
129,385,35,45,160,30,45,70
130,328,60,48,45,43,90,42
131,483,85,73,70,73,115,67
132,325,30,105,90,25,25,50
133,475,55,130,115,50,50,75
134,330,40,30,50,55,55,100
135,330,40,30,50,55,55,100
136,490,60,50,70,80,80,150
137,490,60,50,70,80,80,150
138,325,60,40,80,60,45,40
139,530,95,95,85,125,75,55
140,530,95,105,85,125,75,45
141,320,50,50,95,40,50,35
142,425,60,80,110,50,80,45
143,425,60,80,110,50,80,45
144,455,50,120,53,35,110,87
145,455,50,105,79,35,110,76
146,385,90,55,75,60,75,30
147,340,40,65,95,60,45,35
148,490,65,90,120,85,70,60
149,490,65,90,120,85,70,60
150,345,80,85,95,30,30,25
151,485,105,130,120,45,45,40
152,450,250,5,5,35,105,50
153,435,65,55,115,100,40,60
154,490,105,95,80,40,80,90
155,590,105,125,100,60,100,100
156,295,30,40,70,70,25,60
157,440,55,65,95,95,45,85
158,320,45,67,60,35,50,63
159,450,80,92,65,65,80,68
160,340,30,45,55,70,55,85
161,520,60,75,85,100,85,115
162,460,40,45,65,100,120,90
163,460,50,65,65,90,90,100
164,500,70,110,80,55,80,105
165,455,65,50,35,115,95,95
166,490,65,83,57,95,85,105
167,495,65,95,57,100,85,93
168,500,65,125,100,55,70,85
169,600,65,155,120,65,90,105
170,490,75,100,95,40,70,110
171,490,75,110,105,30,70,100
172,490,75,110,105,30,70,100
173,490,75,110,105,30,70,100
174,200,20,10,55,15,20,80
175,540,95,125,79,60,100,81
176,640,95,155,109,70,130,81
177,535,130,85,80,85,95,60
178,288,48,48,48,48,48,48
179,325,55,55,50,45,65,55
180,435,65,75,70,65,85,75
181,525,130,65,60,110,95,65
182,525,65,65,60,110,95,130
183,525,65,130,60,95,110,65
184,395,65,60,70,85,75,40
185,355,35,40,100,90,55,35
186,495,70,60,125,115,70,55
187,355,30,80,90,55,45,55
188,495,60,115,105,65,70,80
189,515,80,105,65,60,75,130
190,615,80,135,85,70,95,150
191,540,160,110,65,65,110,30
192,580,90,85,100,95,125,85
193,580,90,85,85,125,100,95
194,580,90,90,85,125,90,100
195,580,90,125,90,85,90,100
196,580,90,100,90,125,85,90
197,580,90,85,90,100,125,90
198,300,41,64,45,50,50,50
199,420,61,84,65,70,70,70
200,600,91,134,95,100,100,80
201,680,106,110,90,154,90,130
202,780,106,190,100,154,100,130
203,780,106,150,70,194,120,140
204,600,100,100,100,100,100,100
205,318,45,49,65,49,65,45
206,405,60,62,80,63,80,60
207,525,80,82,100,83,100,80
208,309,39,52,43,60,50,65
209,405,58,64,58,80,65,80
210,534,78,84,78,109,85,100
211,534,73,84,78,119,85,95
212,314,50,65,64,44,48,43
213,405,65,80,80,59,63,58
214,530,85,105,100,79,83,78
215,215,35,46,34,35,45,20
216,415,85,76,64,45,55,90
217,262,60,30,30,36,56,50
218,452,100,50,50,86,96,70
219,265,40,20,30,40,80,55
220,390,55,35,50,55,110,85
221,250,40,60,40,40,40,30
222,400,70,90,70,60,70,40
223,535,85,90,80,70,80,130
224,330,75,38,38,56,56,67
225,460,125,58,58,76,76,67
226,205,20,40,15,35,35,60
227,218,50,25,28,45,55,15
228,210,90,30,15,40,20,15
229,245,35,20,65,40,65,20
230,405,55,40,85,80,105,40
231,320,40,50,45,70,45,70
232,470,65,75,70,95,70,95
233,280,55,40,40,65,45,35
234,365,70,55,55,80,60,45
235,510,90,75,85,115,90,55
236,610,90,95,105,165,110,45
237,490,75,80,95,90,100,50
238,250,70,20,50,20,50,40
239,420,100,50,80,60,80,50
240,410,70,100,115,30,65,30
241,500,90,75,75,90,100,70
242,250,35,35,40,35,55,50
243,340,55,45,50,45,65,80
244,460,75,55,70,55,95,110
245,360,55,70,55,40,55,85
246,180,30,30,30,30,30,30
247,425,75,75,55,105,85,30
248,390,65,65,45,75,45,95
249,210,55,45,45,25,25,15
250,210,55,45,45,25,25,15
251,430,95,85,85,65,65,35
252,525,65,65,60,130,95,110
253,525,95,65,110,60,130,65
254,405,60,85,42,85,42,91
255,490,95,75,80,100,110,30
256,490,95,65,80,110,110,30
257,435,60,60,60,85,85,85
258,336,48,72,48,72,48,48
259,405,190,33,58,33,58,33
260,455,70,80,65,90,65,85
261,290,50,65,90,35,35,15
262,465,75,90,140,60,60,40
263,415,100,70,70,65,65,45
264,430,65,75,105,35,65,85
265,510,75,85,200,55,65,30
266,610,75,125,230,55,95,30
267,300,60,80,50,40,40,30
268,450,90,120,75,60,60,45
269,440,65,95,85,55,55,85
270,440,65,95,85,55,55,85
271,500,70,130,100,55,80,65
272,600,70,150,140,65,100,75
273,505,20,10,230,10,230,5
274,500,80,125,75,40,95,85
275,600,80,185,115,40,105,75
276,430,55,95,55,35,75,115
277,430,55,95,55,35,75,115
278,330,60,80,50,50,50,40
279,500,90,130,75,75,75,55
280,250,40,40,40,70,40,20
281,430,60,50,120,90,80,30
282,250,50,50,40,30,30,50
283,450,100,100,80,60,60,50
284,410,65,55,95,65,95,35
285,410,60,55,100,65,100,30
286,300,35,65,35,65,35,65
287,480,75,105,75,105,75,45
288,330,45,55,45,65,45,75
289,485,85,40,70,80,140,70
290,465,65,80,140,40,70,70
291,330,45,60,30,80,50,65
292,500,75,90,50,110,80,95
293,600,75,90,90,140,90,115
294,540,75,95,95,95,95,85
295,330,90,60,60,40,40,40
296,500,90,120,120,60,60,50
297,515,85,80,90,105,95,60
298,465,73,95,62,85,65,85
299,250,55,20,35,20,45,75
300,210,35,35,35,35,35,35
301,455,50,95,95,35,110,70
302,305,45,30,15,85,65,65
303,360,45,63,37,65,55,95
304,365,45,75,37,70,55,83
305,490,95,80,105,40,70,100
306,540,255,10,10,75,135,55
307,580,90,85,75,115,100,115
308,580,115,115,85,90,75,100
309,580,100,75,115,90,115,85
310,300,50,64,50,45,50,41
311,410,70,84,70,65,70,51
312,600,100,134,110,95,100,61
313,700,100,164,150,95,120,71
314,680,106,90,130,90,154,110
315,680,106,130,90,110,154,90
316,600,100,100,100,100,100,100
317,310,40,45,35,65,55,70
318,405,50,65,45,85,65,95
319,530,70,85,65,105,85,120
320,630,70,110,75,145,85,145
321,310,45,60,40,70,50,45
322,405,60,85,60,85,60,55
323,530,80,120,70,110,70,80
324,630,80,160,80,130,80,100
325,310,50,70,50,50,50,40
326,405,70,85,70,60,70,50
327,535,100,110,90,85,90,60
328,635,100,150,110,95,110,70
329,220,35,55,35,30,30,35
330,420,70,90,70,60,60,70
331,240,38,30,41,30,41,60
332,240,38,30,41,30,41,60
333,420,78,70,61,50,61,100
334,420,78,70,61,50,61,100
335,195,45,45,35,20,30,20
336,205,50,35,55,25,25,15
337,395,60,70,50,100,50,65
338,205,50,35,55,25,25,15
339,385,60,50,70,50,90,65
340,220,40,30,30,40,50,30
341,340,60,50,50,60,70,50
342,480,80,70,70,90,100,70
343,220,40,40,50,30,30,30
344,340,70,70,40,60,40,60
345,480,90,100,60,90,60,80
346,270,40,55,30,30,30,85
347,455,60,85,60,75,50,125
348,270,40,30,30,55,30,85
349,440,60,50,100,95,70,65
350,198,28,25,25,45,35,40
351,278,38,35,35,65,55,50
352,518,68,65,65,125,115,80
353,618,68,85,65,165,135,100
354,269,40,30,32,50,52,65
355,454,70,60,62,100,82,80
356,295,60,40,60,40,60,35
357,460,60,130,80,60,60,70
358,280,60,60,60,35,35,30
359,440,80,80,80,55,55,90
360,670,150,160,100,95,65,100
361,266,31,45,90,30,30,40
362,456,61,90,45,50,50,160
363,236,1,90,45,30,30,40
364,240,64,51,23,51,23,28
365,360,84,71,43,71,43,48
366,490,104,91,63,91,73,68
367,237,72,60,30,20,30,25
368,474,144,120,60,40,60,50
369,190,50,20,40,20,40,20
370,375,30,45,135,45,90,30
371,260,50,45,45,35,35,50
372,400,70,65,65,55,55,90
373,380,50,75,75,65,65,50
374,480,50,85,125,85,115,20
375,380,50,85,85,55,55,50
376,480,50,105,125,55,95,50
377,330,50,70,100,40,40,30
378,430,60,90,140,50,50,40
379,530,70,110,180,60,60,50
380,630,70,140,230,60,80,50
381,280,30,40,55,40,55,60
382,410,60,60,75,60,75,80
383,510,60,100,85,80,85,100
384,295,40,45,40,65,40,65
385,475,70,75,60,105,60,105
386,575,70,75,80,135,80,135
387,405,60,50,40,85,75,95
388,405,60,40,50,75,85,95
389,430,65,73,75,47,85,85
390,430,65,47,75,73,85,85
391,400,50,60,45,100,80,65
392,302,70,43,53,43,53,40
393,467,100,73,83,73,83,55
394,305,45,90,20,65,20,65
395,460,70,120,40,95,40,95
396,560,70,140,70,110,65,105
397,400,130,70,35,70,35,60
398,500,170,90,45,90,45,60
399,305,60,60,40,65,45,35
400,460,70,100,70,105,75,40
401,560,70,120,100,145,105,20
402,470,70,85,140,85,70,20
403,330,60,25,35,70,80,60
404,470,80,45,65,90,110,80
405,360,60,60,60,60,60,60
406,290,45,100,45,45,45,10
407,340,50,70,50,50,50,70
408,520,80,100,80,80,80,100
409,335,50,85,40,85,40,35
410,475,70,115,60,115,60,55
411,310,45,40,60,40,75,50
412,490,75,70,90,70,105,80
413,590,75,110,110,110,105,80
414,458,73,115,60,60,60,90
415,458,73,100,60,100,60,65
416,460,90,55,65,95,85,70
417,460,90,95,85,55,65,70
418,288,50,48,43,46,41,60
419,468,110,78,73,76,71,60
420,308,43,80,65,50,35,35
421,468,63,120,85,90,55,55
422,300,40,40,55,40,70,55
423,500,60,70,105,70,120,75
424,355,66,41,77,61,87,23
425,495,86,81,97,81,107,43
426,355,45,95,50,40,50,75
427,495,75,125,100,70,80,45
428,200,20,15,20,10,55,80
429,540,95,60,79,100,125,81
430,420,70,70,70,70,70,70
431,420,70,70,70,70,70,70
432,420,70,70,70,70,70,70
433,420,70,70,70,70,70,70
434,440,60,90,70,60,120,40
435,295,44,75,35,63,33,45
436,455,64,115,65,83,63,65
437,555,64,165,75,93,83,75
438,295,20,40,90,30,90,25
439,455,40,70,130,60,130,25
440,460,99,68,83,72,87,51
441,455,75,50,80,95,90,65
442,465,65,130,60,75,60,75
443,565,65,150,60,115,60,115
444,260,95,23,48,23,48,23
445,300,50,50,50,50,50,50
446,480,80,80,80,80,80,80
447,580,80,120,80,120,80,100
448,290,70,40,50,55,50,25
449,410,90,60,70,75,70,45
450,530,110,80,90,95,90,65
451,345,35,64,85,74,55,32
452,485,55,104,105,94,75,52
453,485,55,84,105,114,75,52
454,485,100,90,130,45,65,55
455,330,43,30,55,40,65,97
456,300,45,75,60,40,30,50
457,420,65,95,100,60,50,50
458,600,95,135,80,110,80,100
459,700,95,145,130,120,90,120
460,300,40,55,80,35,60,30
461,420,60,75,100,55,80,50
462,600,80,135,130,95,90,70
463,700,80,145,150,105,110,110
464,580,80,100,200,50,100,50
465,580,80,50,100,100,200,50
466,580,80,75,150,75,150,50
467,600,80,80,90,110,130,110
468,700,80,100,120,140,150,110
469,600,80,90,80,130,110,110
470,700,80,130,100,160,120,110
471,670,100,100,90,150,140,90
472,770,100,150,90,180,160,90
473,670,100,150,140,100,90,90
474,770,100,180,160,150,90,90
475,680,105,150,90,150,90,95
476,780,105,180,100,180,100,115
477,600,100,100,100,100,100,100
478,600,50,150,50,150,50,150
479,600,50,180,20,180,20,150
480,600,50,70,160,70,160,90
481,600,50,95,90,95,90,180
482,318,55,68,64,45,55,31
483,405,75,89,85,55,65,36
484,525,95,109,105,75,85,56
485,309,44,58,44,58,44,61
486,405,64,78,52,78,52,81
487,534,76,104,71,104,71,108
488,314,53,51,53,61,56,40
489,405,64,66,68,81,76,50
490,530,84,86,88,111,101,60
491,245,40,55,30,30,30,60
492,340,55,75,50,40,40,80
493,485,85,120,70,50,60,100
494,250,59,45,40,35,40,31
495,410,79,85,60,55,60,71
496,194,37,25,41,25,41,25
497,384,77,85,51,55,51,65
498,263,45,65,34,40,34,45
499,363,60,85,49,60,49,60
500,523,80,120,79,95,79,70
501,280,40,30,35,50,70,55
502,515,60,70,65,125,105,90
503,350,67,125,40,30,30,58
504,495,97,165,60,65,50,58
505,350,30,42,118,42,88,30
506,495,60,52,168,47,138,30
507,224,40,29,45,29,45,36
508,224,40,29,45,29,45,36
509,224,40,29,45,29,45,36
510,424,60,59,85,79,105,36
511,424,60,79,105,59,85,36
512,424,60,69,95,69,95,36
513,424,70,94,50,94,50,66
514,244,30,30,42,30,42,70
515,474,70,80,102,80,102,40
516,405,60,45,70,45,90,95
517,330,55,65,35,60,30,85
518,495,85,105,55,85,50,115
519,275,45,35,45,62,53,35
520,450,70,60,70,87,78,85
521,325,76,48,48,57,62,34
522,475,111,83,68,92,82,39
523,482,75,100,66,60,66,115
524,348,90,50,34,60,44,70
525,498,150,80,44,90,54,80
526,350,55,66,44,44,56,85
527,480,65,76,84,54,96,105
528,580,65,136,94,54,96,135
529,495,60,60,60,105,105,105
530,505,100,125,52,105,52,71
531,310,49,55,42,42,37,85
532,452,71,82,64,64,59,112
533,285,45,30,50,65,50,45
534,329,63,63,47,41,41,74
535,479,103,93,67,71,61,84
536,300,57,24,86,24,86,23
537,500,67,89,116,79,116,33
538,290,50,80,95,10,45,10
539,310,20,25,45,70,90,60
540,220,100,5,5,15,65,30
541,411,76,65,45,92,42,91
542,485,50,92,108,92,108,35
543,300,58,70,45,40,45,42
544,410,68,90,65,50,55,82
545,600,108,130,95,80,85,102
546,700,108,170,115,120,95,92
547,390,135,85,40,40,85,5
548,285,40,70,40,35,40,60
549,525,70,110,70,115,70,90
550,625,70,145,88,140,70,112
551,330,68,72,78,38,42,32
552,525,108,112,118,68,72,47
553,330,40,50,90,30,55,65
554,500,70,90,110,60,75,95
555,300,48,61,40,61,40,50
556,490,83,106,65,86,65,85
557,454,74,100,72,90,72,46
558,330,49,49,56,49,61,66
559,460,69,69,76,69,86,91
560,345,45,20,50,60,120,50
561,334,60,62,50,62,60,40
562,494,90,92,75,92,85,60
563,594,90,132,105,132,105,30
564,510,70,120,65,45,85,125
565,535,70,70,115,130,90,60
566,515,110,85,95,80,95,50
567,535,115,140,130,55,55,40
568,535,100,100,125,110,50,50
569,540,75,123,67,95,85,95
570,540,75,95,67,125,95,83
571,545,85,50,95,120,115,80
572,515,86,76,86,116,56,95
573,525,65,110,130,60,65,95
574,525,65,60,110,130,95,65
575,510,75,95,125,45,75,95
576,530,110,130,80,70,60,80
577,535,85,80,70,135,75,90
578,518,68,125,65,65,115,80
579,618,68,165,95,65,115,110
580,525,60,55,145,75,150,40
581,525,45,100,135,65,135,45
582,480,70,80,70,80,70,110
583,440,50,50,77,95,77,91
584,520,50,65,107,105,107,86
585,520,50,65,107,105,107,86
586,520,50,65,107,105,107,86
587,520,50,65,107,105,107,86
588,520,50,65,107,105,107,86
589,580,75,75,130,75,130,95
590,580,80,105,105,105,105,80
591,580,75,125,70,125,70,115
592,680,100,120,120,150,100,90
593,680,100,100,120,150,120,90
594,680,90,120,100,150,120,100
595,680,90,100,100,150,120,120
596,600,91,90,106,130,106,77
597,670,110,160,110,80,110,100
598,680,150,100,120,100,120,90
599,680,150,120,100,120,100,90
600,580,120,70,110,75,120,85
601,480,80,80,80,80,80,80
602,600,100,100,100,100,100,100
603,600,70,90,90,135,90,125
604,600,100,100,100,100,100,100
605,600,100,103,75,120,75,127
606,720,120,120,120,120,120,120
607,600,100,100,100,100,100,100
608,308,45,45,55,45,55,63
609,413,60,60,75,60,75,83
610,528,75,75,95,75,95,113
611,308,65,63,45,45,45,45
612,418,90,93,55,70,55,55
613,528,110,123,65,100,65,65
614,308,55,55,45,63,45,45
615,413,75,75,60,83,60,60
616,528,95,100,85,108,70,70
617,528,90,108,80,100,65,85
618,255,45,55,39,35,39,42
619,420,60,85,69,60,69,77
620,275,45,60,45,25,45,55
621,370,65,80,65,35,65,60
622,500,85,110,90,45,90,80
623,281,41,50,37,50,37,66
624,446,64,88,50,88,50,106
625,316,50,53,48,53,48,64
626,498,75,98,63,98,63,101
627,316,50,53,48,53,48,64
628,498,75,98,63,98,63,101
629,316,50,53,48,53,48,64
630,498,75,98,63,98,63,101
631,292,76,25,45,67,55,24
632,487,116,55,85,107,95,29
633,264,50,55,50,36,30,43
634,358,62,77,62,50,42,65
635,488,80,115,80,65,55,93
636,295,45,60,32,50,32,76
637,497,75,100,63,80,63,116
638,280,55,75,85,25,25,15
639,390,70,105,105,50,40,20
640,515,85,135,130,60,80,25
641,323,65,45,43,55,43,72
642,425,67,57,55,77,55,114
643,328,60,85,40,30,45,68
644,508,110,135,60,50,65,88
645,445,103,60,86,60,86,50
646,545,103,60,126,80,126,50
647,305,75,80,55,25,35,35
648,405,85,105,85,40,50,40
649,505,105,140,95,55,65,45
650,294,50,50,40,50,40,64
651,384,75,65,55,65,55,69
652,509,105,95,75,85,75,74
653,465,120,100,85,30,85,45
654,465,75,125,75,30,75,85
655,310,45,53,70,40,60,42
656,380,55,63,90,50,80,42
657,500,75,103,80,70,80,92
658,260,30,45,59,30,39,57
659,360,40,55,99,40,79,47
660,485,60,100,89,55,69,112
661,280,40,27,60,37,50,66
662,480,60,67,85,77,75,116
663,280,45,35,50,70,50,30
664,480,70,60,75,110,75,90
665,480,70,105,75,50,75,105
666,460,70,92,65,80,55,98
667,460,70,92,65,80,55,98
668,460,70,92,65,80,55,98
669,292,50,72,35,35,35,65
670,351,60,82,45,45,45,74
671,519,95,117,80,65,70,92
672,315,70,90,45,15,45,50
673,315,70,90,45,15,45,50
674,480,105,140,55,30,55,95
675,540,105,30,105,140,105,55
676,480,105,140,55,30,55,95
677,540,105,160,55,30,55,135
678,461,75,86,67,106,67,60
679,325,50,65,85,35,35,55
680,485,70,105,125,65,75,45
681,348,50,75,70,35,70,48
682,488,65,90,115,45,115,58
683,490,72,58,80,103,80,97
684,303,38,30,85,55,65,30
685,303,38,55,85,30,65,30
686,483,58,50,145,95,105,30
687,355,54,78,103,53,45,22
688,495,74,108,133,83,65,32
689,401,55,112,45,74,45,70
690,567,75,140,65,112,65,110
691,329,50,50,62,40,62,65
692,474,80,95,82,60,82,75
693,330,40,65,40,80,40,65
694,330,35,60,40,85,40,70
695,510,60,105,60,120,60,105
696,510,55,100,60,125,60,110
697,300,55,50,40,40,40,75
698,470,75,95,60,65,60,115
699,290,45,30,50,55,65,45
700,390,60,45,70,75,85,55
701,490,70,55,95,95,110,65
702,290,45,30,40,105,50,20
703,370,65,40,50,125,60,30
704,490,110,65,75,125,85,30
705,305,62,44,50,44,50,55
706,473,75,87,63,87,63,98
707,305,36,50,50,65,60,44
708,395,51,65,65,80,75,59
709,535,71,95,85,110,95,79
710,335,60,60,50,40,50,75
711,475,80,100,70,60,70,95
712,428,55,75,60,75,60,103
713,315,50,75,45,40,45,60
714,495,70,135,105,60,105,20
715,294,69,55,45,55,55,15
716,464,114,85,70,85,80,30
717,335,55,40,50,65,85,40
718,480,100,60,70,85,105,60
719,470,165,75,80,40,45,65
720,319,50,47,50,57,50,65
721,472,70,77,60,97,60,108
722,305,44,50,91,24,86,10
723,489,74,94,131,54,116,20
724,300,40,55,70,45,60,30
725,440,60,80,95,70,85,50
726,520,60,100,115,70,85,90
727,275,35,55,40,45,40,60
728,405,65,85,70,75,70,40
729,515,85,115,80,105,80,50
730,335,55,55,55,85,55,30
731,485,75,75,75,125,95,40
732,275,50,30,55,65,55,20
733,370,60,40,60,95,60,55
734,520,60,55,90,145,90,80
735,320,46,87,60,30,40,57
736,410,66,117,70,40,50,67
737,540,76,147,90,60,70,97
738,305,55,70,40,60,40,40
739,505,95,130,80,70,80,50
740,515,80,50,50,95,135,105
741,305,50,40,85,40,65,25
742,495,80,70,40,100,60,145
743,471,109,66,84,81,99,32
744,471,109,81,99,66,84,32
745,350,45,85,50,55,50,65
746,510,65,125,60,95,60,105
747,485,77,120,90,60,90,48
748,303,59,74,50,35,50,35
749,483,89,124,80,55,80,55
750,340,45,85,70,40,40,60
751,490,65,125,100,60,70,70
752,490,95,110,95,40,95,55
753,350,70,83,50,37,50,60
754,510,100,123,75,57,75,80
755,510,110,83,70,112,70,65
756,370,70,55,75,45,65,60
757,510,110,65,105,55,95,80
758,484,85,97,66,105,66,65
759,484,58,109,112,48,48,109
760,300,52,65,50,45,50,38
761,420,72,85,70,65,70,58
762,600,92,105,90,125,90,98
763,360,55,85,55,50,55,60
764,550,85,60,65,135,105,100
765,580,91,90,129,90,72,108
766,580,91,129,90,72,90,108
767,580,91,90,72,90,129,108
768,580,79,115,70,125,80,111
769,580,79,100,80,110,90,121
770,580,79,115,70,125,80,111
771,580,79,105,70,145,80,101
772,680,100,120,100,150,120,90
773,680,100,150,120,120,100,90
774,600,89,125,90,115,80,101
775,600,89,145,90,105,80,91
776,660,125,130,90,130,90,95
777,700,125,120,90,170,100,95
778,700,125,170,100,120,90,95
779,580,91,72,90,129,90,108
780,580,91,72,90,129,90,108
781,600,100,77,77,128,128,90
782,600,100,128,90,77,77,128
783,600,71,120,95,120,95,99
784,313,56,61,65,48,45,38
785,405,61,78,95,56,58,57
786,530,88,107,122,74,75,64
787,307,40,45,40,62,60,60
788,409,59,59,58,90,70,73
789,534,75,69,72,114,100,104
790,314,41,56,40,62,44,71
791,405,54,63,52,83,56,97
792,530,72,95,67,103,71,122
793,640,72,145,67,153,71,132
794,237,38,36,38,32,36,57
795,423,85,56,77,50,77,78
796,278,45,50,43,40,38,62
797,382,62,73,55,56,52,84
798,499,78,81,71,74,69,126
799,200,38,35,40,27,25,35
800,213,45,22,60,27,30,29
801,411,80,52,50,90,50,89
802,369,62,50,58,73,54,72
803,507,86,68,72,109,66,106
804,303,44,38,39,61,79,42
805,371,54,45,47,75,98,52
806,552,78,65,68,112,154,75
807,350,66,65,48,62,57,52
808,531,123,100,62,97,81,68
809,348,67,82,62,46,48,43
810,495,95,124,78,69,71,58
811,472,75,80,60,65,90,102
812,355,62,48,54,63,60,68
813,466,74,48,76,83,81,104
814,466,74,48,76,83,81,104
815,325,45,80,100,35,37,28
816,448,59,110,150,45,49,35
817,500,60,50,140,50,140,60
818,500,60,140,50,140,50,60
819,341,78,52,60,63,65,23
820,462,101,72,72,99,89,29
821,341,62,48,66,59,57,49
822,480,82,80,86,85,75,72
823,288,53,54,53,37,46,45
824,482,86,92,88,68,75,73
825,306,42,52,67,39,56,50
826,500,72,105,115,54,86,68
827,320,50,60,60,60,60,30
828,494,65,75,90,97,123,44
829,330,50,53,62,58,63,44
830,500,71,73,88,120,89,59
831,289,44,38,33,61,43,70
832,481,62,55,52,109,94,109
833,362,58,89,77,45,45,48
834,521,82,121,119,69,59,71
835,362,77,59,50,67,63,46
836,521,123,77,72,99,92,58
837,525,95,65,65,110,130,60
838,500,78,92,75,74,63,118
839,431,67,58,57,81,67,101
840,500,50,50,150,50,150,50
841,300,45,50,35,55,75,40
842,452,68,75,53,83,113,60
843,452,58,75,83,83,113,40
844,600,90,100,70,110,150,80
845,600,80,100,100,110,150,60
846,470,57,80,91,80,87,75
847,309,43,70,48,50,60,38
848,474,85,110,76,65,82,56
849,335,49,66,70,44,55,51
850,335,44,66,70,44,55,56
851,335,54,66,70,44,55,46
852,335,59,66,70,44,55,41
853,494,65,90,122,58,75,84
854,494,55,85,122,58,75,99
855,494,75,95,122,58,75,69
856,494,85,100,122,58,75,54
857,304,55,69,85,32,35,28
858,514,95,117,184,44,46,28
859,514,95,127,184,34,36,38
860,245,40,30,35,45,40,55
861,535,85,70,80,97,80,123
862,680,126,131,95,131,98,99
863,680,126,131,95,131,98,99
864,600,108,100,121,81,95,95
865,486,54,100,71,61,85,115
866,708,216,100,121,91,95,85
867,600,50,100,150,100,150,50
868,700,50,160,110,160,110,110
869,600,80,110,60,150,130,70
870,680,80,160,60,170,130,80
871,600,80,110,120,130,90,70
872,320,68,55,55,50,50,42
873,420,78,75,75,70,70,52
874,530,78,107,75,100,100,70
875,530,88,112,80,95,95,60
876,320,45,65,40,60,40,70
877,420,65,85,50,80,50,90
878,530,95,115,90,80,90,60
879,320,50,54,54,66,56,40
880,420,60,69,69,91,81,50
881,530,80,74,74,126,116,60
882,265,35,75,30,30,30,65
883,355,55,85,50,40,50,75
884,485,80,120,75,75,75,60
885,253,48,70,30,30,30,45
886,418,88,110,60,55,60,45
887,300,47,62,45,55,45,46
888,400,57,82,95,55,75,36
889,500,77,70,90,145,75,43
890,338,47,82,57,42,47,63
891,478,97,132,77,62,67,43
892,476,75,70,70,98,70,93
893,476,75,70,70,98,70,93
894,476,75,70,70,98,70,93
895,476,75,70,70,98,70,93
896,304,40,45,40,55,40,84
897,464,60,55,60,95,70,124
898,280,45,65,40,30,40,60
899,280,45,65,40,30,40,60
900,487,75,115,65,55,65,112
901,487,85,115,75,55,75,82
902,487,75,117,65,55,65,110
903,175,45,20,20,25,25,40
904,620,45,140,130,140,135,30
905,305,50,53,62,43,52,45
906,495,50,63,152,53,142,35
907,385,70,100,70,45,55,45
908,500,100,125,100,55,85,35
909,269,38,40,52,40,72,27
910,454,68,70,92,50,132,42
911,250,40,55,35,50,35,35
912,480,70,105,90,80,90,45
913,285,40,35,55,65,75,15
914,405,60,45,80,90,100,30
915,320,48,44,40,71,40,77
916,480,68,64,60,111,60,117
917,340,70,75,50,45,50,50
918,500,120,125,80,55,60,60
919,210,42,30,38,30,38,32
920,290,52,40,48,40,48,62
921,510,72,120,98,50,98,72
922,485,51,52,90,82,110,100
923,490,90,60,80,90,110,60
924,490,100,120,90,40,60,80
925,230,25,35,40,20,30,80
926,530,75,125,140,60,90,40
927,320,55,55,80,70,45,15
928,480,85,75,110,100,75,35
929,410,55,60,130,30,130,5
930,534,95,95,95,95,95,59
931,570,95,95,95,95,95,95
932,440,60,60,100,60,100,60
933,500,60,100,60,100,60,120
934,480,65,115,65,75,95,65
935,485,60,78,135,91,85,36
936,435,65,98,63,40,73,96
937,476,55,90,80,50,105,96
938,475,68,105,70,70,70,92
939,485,78,60,85,135,91,36
940,517,70,131,100,86,90,40
941,300,45,55,65,45,45,45
942,420,55,75,90,65,70,65
943,600,75,110,125,100,105,85
944,570,70,115,85,95,75,130
945,570,70,85,75,130,115,95
946,570,70,130,115,85,95,75
947,570,70,75,115,95,130,85
948,200,43,29,31,29,31,37
949,400,43,29,131,29,131,37
950,680,137,137,107,113,89,97
951,680,137,113,89,137,107,97
952,570,109,53,47,127,131,103
953,570,107,139,139,53,53,79
954,570,71,137,37,137,37,151
955,570,83,89,71,173,71,83
956,570,97,101,103,107,101,61
957,570,59,181,131,59,31,109
958,570,223,101,53,97,53,43
959,600,97,107,101,127,89,79
960,680,97,157,127,113,109,77
961,680,97,113,109,157,127,77
962,754,97,167,97,167,97,129
963,600,80,95,115,130,115,65
964,600,90,125,80,90,90,125
965,420,67,73,67,73,67,73
966,540,73,73,73,127,73,121
967,570,61,131,211,53,101,13
968,570,53,127,53,151,79,107
969,600,88,112,75,102,80,143
970,300,46,65,65,55,35,34
971,600,135,143,143,80,65,34
972,310,50,65,50,40,40,65
973,420,70,85,70,55,60,80
974,530,100,125,90,60,70,85
975,310,50,71,40,40,40,69
976,420,65,86,60,55,60,94
977,530,80,116,75,65,75,119
978,310,50,40,40,70,40,70
979,420,65,60,55,95,55,90
980,530,70,85,65,125,65,120
981,275,70,55,55,35,35,25
982,460,120,95,95,55,75,20
983,245,38,47,35,33,35,57
984,365,68,67,55,43,55,77
985,495,98,87,105,53,85,67
986,180,25,20,20,25,45,45
987,335,50,35,80,50,90,30
988,505,60,45,110,80,120,90
989,245,40,28,28,47,52,50
990,455,70,58,58,87,92,90
991,250,40,40,60,40,60,10
992,460,60,50,90,80,120,60
993,270,42,40,55,40,45,48
994,490,72,80,100,60,90,88
995,284,50,64,50,38,38,44
996,485,90,115,90,48,68,74
997,270,59,45,50,40,50,26
998,490,69,90,60,90,60,121
999,240,30,40,50,40,50,30
1000,410,80,60,90,60,70,50
1001,510,110,80,120,80,90,30
1002,260,40,40,80,40,40,20
1003,485,70,110,80,95,60,70
1004,485,110,85,80,100,80,30
1005,315,52,57,75,35,50,46
1006,510,72,107,125,65,70,71
1007,475,70,85,55,85,95,85
1008,280,41,63,40,40,30,66
1009,490,61,123,60,60,50,136
1010,242,40,38,35,54,35,40
1011,502,75,98,70,114,70,75
1012,502,75,98,70,114,70,75
1013,305,50,65,45,50,50,45
1014,525,100,115,65,90,90,65
1015,310,50,68,60,50,50,32
1016,480,80,118,90,70,80,42
1017,308,40,45,45,74,54,50
1018,508,60,65,65,134,114,70
1019,265,42,30,45,56,53,39
1020,370,57,40,65,86,73,49
1021,510,57,90,95,136,103,29
1022,265,45,45,30,55,40,50
1023,370,65,60,45,75,55,70
1024,510,95,120,65,95,75,60
1025,520,93,90,101,60,81,95
1026,440,70,110,100,50,60,50
1027,510,60,95,50,145,130,30
1028,507,62,135,95,68,82,65
1029,520,80,85,75,110,100,70
1030,483,58,95,145,50,105,30
1031,270,45,40,40,50,61,34
1032,495,65,60,75,110,121,64
1033,470,65,100,100,70,60,75
1034,435,48,101,95,91,85,15
1035,185,30,25,35,45,30,20
1036,475,70,65,60,125,90,65
1037,470,100,125,135,20,20,70
1038,470,75,80,110,65,90,50
1039,470,75,80,70,65,50,130
1040,475,60,65,55,105,95,95
1041,475,70,55,65,95,105,85
1042,436,58,95,58,70,58,97
1043,436,58,95,58,70,58,97
1044,330,72,80,49,40,49,40
1045,500,122,130,69,80,69,30
1046,505,90,100,90,80,70,75
1047,505,90,100,90,90,80,55
1048,505,90,90,100,70,80,75
1049,505,90,90,100,80,90,55
1050,535,70,95,115,120,50,85
1051,270,28,60,30,40,30,82
1052,410,68,80,50,60,50,102
1053,600,88,120,75,100,75,142
1054,660,92,120,115,80,115,138
1055,700,92,150,115,80,115,148
1056,660,92,120,115,80,115,138
1057,700,92,120,140,80,140,128
1058,690,140,85,95,145,95,130
1059,1125,255,115,250,125,250,130
1060,385,60,90,60,53,50,72
1061,550,100,130,100,63,60,97
1062,550,100,130,100,63,60,97
1063,600,105,120,105,70,95,105
1064,580,80,100,50,100,50,200
1065,580,200,100,50,100,50,80
1066,580,100,145,130,65,110,30
1067,580,100,65,60,145,80,130
1068,500,100,80,80,80,80,80
1069,680,100,165,150,85,130,50
1070,680,100,85,80,165,100,150
1071,525,103,105,72,105,75,65
1072,500,70,135,95,45,70,85
1073,550,130,140,105,45,80,50
1074,555,113,70,120,135,65,52
1075,530,120,112,65,80,75,78
1076,530,120,92,65,100,75,78
1077,510,80,130,60,40,80,120
1078,510,85,115,95,65,65,85
1079,580,74,115,70,135,80,106
1080,580,74,115,110,135,100,46
1081,310,40,61,54,45,45,65
1082,410,61,80,63,60,63,83
1083,530,76,110,70,81,70,123
1084,310,67,45,59,63,40,36
1085,411,81,55,78,90,58,49
1086,530,104,75,100,110,75,66
1087,310,55,65,45,50,45,50
1088,410,70,85,65,65,60,65
1089,530,85,120,80,85,75,85
1090,254,54,45,40,35,45,35
1091,489,110,100,75,59,80,65
1092,489,115,90,70,59,90,65
1093,210,35,41,45,29,40,20
1094,404,60,79,92,52,86,35
1095,210,33,46,40,21,25,45
1096,450,71,102,78,52,55,92
1097,240,45,50,20,40,25,60
1098,350,60,75,40,50,40,85
1099,490,70,115,70,70,60,105
1100,305,50,50,45,40,45,75
1101,470,74,75,70,65,75,111
1102,470,74,75,70,65,75,111
1103,312,37,55,70,30,55,65
1104,477,57,80,115,50,80,95
1105,260,41,35,45,58,51,30
1106,354,52,53,60,78,78,33
1107,510,78,69,90,125,109,39
1108,417,82,96,51,45,51,92
1109,417,82,96,51,45,51,92
1110,417,82,96,51,45,51,92
1111,417,82,96,51,45,51,92
1112,280,55,55,75,35,35,25
1113,355,60,60,100,35,65,35
1114,500,100,100,130,45,90,35
1115,255,40,50,40,50,40,35
1116,525,85,60,100,125,80,75
1117,525,75,125,80,60,100,85
1118,272,61,31,41,59,35,45
1119,495,109,64,91,103,83,45
1120,280,40,40,35,55,40,70
1121,490,70,70,60,105,60,125
1122,340,60,78,60,40,51,51
1123,505,80,120,90,60,70,85
1124,290,40,65,35,40,35,75
1125,485,63,95,65,80,72,110
1126,275,40,65,30,45,35,60
1127,480,55,115,70,80,70,90
1128,335,40,40,35,50,100,70
1129,515,80,70,65,80,120,100
1130,450,70,100,115,35,55,75
1131,304,50,62,40,62,40,50
1132,486,65,108,65,108,65,75
1133,270,41,50,60,31,58,30
1134,470,75,50,85,115,100,45
1135,255,30,35,30,55,30,75
1136,481,95,60,60,101,60,105
1137,297,50,45,45,35,64,58
1138,380,65,55,55,45,82,78
1139,506,85,75,77,70,105,94
1140,245,10,55,25,35,25,95
1141,425,35,100,50,50,70,120
1142,485,70,103,85,60,85,82
1143,315,70,45,40,45,40,75
1144,457,100,70,72,53,62,100
1145,650,100,160,97,106,87,100
1146,300,45,70,63,30,45,47
1147,500,80,119,90,54,67,90
1148,501,70,95,65,85,65,121
1149,480,70,85,145,60,55,65
1150,350,48,35,42,105,60,60
1151,525,83,55,90,130,81,86
1152,290,50,61,60,30,55,34
1153,488,72,101,100,50,97,68
1154,500,82,115,74,75,64,90
1155,334,108,68,45,30,40,43
1156,521,170,113,65,45,55,73
1157,478,90,102,73,78,65,70
1158,530,150,100,115,65,65,35
1159,475,68,50,60,120,95,82
1160,475,68,50,60,120,95,82
1161,475,68,50,60,120,95,82
1162,535,110,115,80,50,90,90
1163,430,130,75,60,45,100,20
1164,520,120,90,70,110,70,60
1165,520,125,100,80,85,75,55
1166,520,125,100,80,85,75,55
1167,550,100,135,120,60,85,50
1168,570,115,131,131,53,53,87
1169,570,115,65,99,65,115,111
1170,570,111,127,99,79,99,55
1171,570,55,55,55,135,135,135
1172,570,85,135,79,85,105,81
1173,570,85,81,97,121,85,101
1174,570,90,112,120,72,70,106
1175,570,56,80,114,124,60,136
1176,570,154,140,108,50,68,50
1177,570,94,80,86,122,80,108
1178,570,80,70,60,140,110,110
1179,570,100,134,110,70,84,72
1180,320,65,75,45,35,45,55
1181,423,90,95,66,45,65,62
1182,600,115,145,92,75,86,87
1183,300,45,30,70,75,70,10
1184,300,45,30,25,75,45,80
1185,550,87,60,95,133,91,84
1186,570,85,85,100,95,135,70
1187,570,80,120,80,90,65,135
1188,570,155,110,125,55,80,45
1189,570,55,80,80,135,120,100
1190,590,105,139,71,55,101,119
1191,590,74,130,90,120,60,116
1192,670,100,135,115,85,100,135
1193,670,100,85,100,135,115,135
1194,590,99,83,91,125,83,109
1195,590,90,130,88,70,108,104
1196,485,80,80,110,95,80,40
1197,308,40,45,45,74,54,50
1198,508,71,60,106,121,80,70
1199,555,88,128,115,58,86,80
1200,555,88,75,66,130,90,106
1201,555,88,91,82,70,125,99
1202,550,80,120,84,60,96,110
1203,550,80,120,84,60,96,110
1204,550,80,120,84,60,96,110
1205,550,80,120,84,60,96,110
1206,600,90,105,130,125,65,85
1207,540,106,80,110,120,80,44
1208,590,105,115,121,65,93,91
1209,590,125,73,91,137,89,75
1210,590,90,120,80,68,108,124
1211,590,90,72,100,122,108,98
1212,450,90,65,85,65,85,60
1213,600,95,95,110,105,110,85
1214,700,160,105,110,130,110,85
1215,600,88,88,160,88,88,88
